cycle,domain,baseline,reward,bwt,pass@1,pass@4,pass@16,coverage_solved,distinct_3,self_overlap,repetition,gen_entropy,weight_drift,param_norm,dormant_frac,effective_rank,used_mock,w_explore,w_stable,w_prec,w_diff,acc_GSM8K,acc_Code,acc_MedicalMC
1,GSM8K,nsiac,0.68499,0.0,0.4288,0.7372,0.88,0.88,0.5038,0.0956,0.0922,1.5051,1.5e-05,1640.691,0.0,14.452886581420898,False,0.25,0.25,0.25,0.25,0.4288,0.0,0.0
2,GSM8K,nsiac,0.22446,0.0,0.41,0.734,0.92,0.92,0.5018,0.1023,0.0986,1.6648,2.1e-05,1640.691,0.0,13.507041931152344,False,0.25,0.25,0.25,0.25,0.41,0.0,0.0
3,GSM8K,nsiac,0.31639,0.0,0.4775,0.7783,0.92,0.92,0.4716,0.1065,0.0995,1.4363,2.4e-05,1640.691,0.0,14.048604965209961,False,0.6347,0.1652,0.0183,0.1817,0.4775,0.0,0.0
4,GSM8K,nsiac,0.20399,0.0,0.4763,0.7669,0.94,0.94,0.4031,0.1186,0.1116,1.3923,2.8e-05,1640.691,0.0,13.844730377197266,False,0.6323,0.1698,0.0181,0.1798,0.4763,0.0,0.0
5,GSM8K,nsiac,0.3562,0.0,0.565,0.8067,0.94,0.94,0.4369,0.1023,0.0861,1.2084,3.5e-05,1640.69,0.0,13.744114875793457,False,0.2588,0.1134,0.3523,0.2754,0.565,0.0,0.0
6,GSM8K,nsiac,0.12057,0.0,0.455,0.7347,0.94,0.94,0.4598,0.1,0.104,1.4853,4.4e-05,1640.69,0.0,13.687443733215332,False,0.1924,0.1578,0.4749,0.1749,0.455,0.0,0.0
7,GSM8K,nsiac,0.28376,0.0,0.4425,0.7555,0.9,0.9,0.485,0.0948,0.1028,1.4966,4.9e-05,1640.69,0.0,13.181105613708496,False,0.0998,0.5177,0.3613,0.0213,0.4425,0.0,0.0
8,GSM8K,nsiac,0.44964,0.0,0.5337,0.7973,0.9,0.9,0.4817,0.099,0.094,1.3014,5.6e-05,1640.69,0.0,13.672564506530762,False,0.1492,0.168,0.566,0.1167,0.5337,0.0,0.0
9,GSM8K,nsiac,0.30172,0.0,0.5312,0.7756,0.94,0.94,0.4521,0.0995,0.0824,1.1906,5.8e-05,1640.69,0.0,13.6441068649292,False,0.2646,0.0829,0.2347,0.4177,0.5312,0.0,0.0
10,GSM8K,nsiac,0.2809,0.0,0.5012,0.7309,0.88,0.88,0.4678,0.1061,0.0738,1.2602,6.3e-05,1640.69,0.0,13.60579776763916,False,0.0406,0.1571,0.4732,0.3291,0.5012,0.0,0.0
11,Code,nsiac,0.33519,0.07,0.3262,0.636,0.8,0.8,0.669,0.0882,0.0609,1.7909,6.4e-05,1640.69,0.0,12.95561408996582,False,0.06,0.0943,0.1852,0.6604,0.4988,0.3262,0.0
12,Code,nsiac,0.62255,0.07125,0.3025,0.6019,0.82,0.82,0.6641,0.0878,0.056,1.8523,6.5e-05,1640.69,0.0,12.689061164855957,False,0.2371,0.0372,0.072,0.6537,0.5,0.3025,0.0
13,Code,nsiac,0.63668,0.04125,0.305,0.5915,0.78,0.78,0.6627,0.0942,0.0611,1.8479,6.7e-05,1640.69,0.0,12.868539810180664,False,0.1046,0.0275,0.2894,0.5785,0.47,0.305,0.0
14,Code,nsiac,0.67214,0.05,0.2988,0.6095,0.8,0.8,0.6691,0.0908,0.0593,1.81,6.8e-05,1640.69,0.0,13.610230445861816,False,0.0072,0.0768,0.213,0.703,0.4788,0.2988,0.0
15,Code,nsiac,0.72443,0.06,0.2963,0.5997,0.76,0.76,0.6604,0.0904,0.0584,1.8148,7e-05,1640.69,0.0,12.701601028442383,False,0.0641,0.3131,0.3159,0.3069,0.4888,0.2963,0.0
16,Code,nsiac,0.91267,0.08125,0.3412,0.6298,0.78,0.78,0.6573,0.09,0.0559,1.7257,7.3e-05,1640.69,0.0,12.869597434997559,False,0.0711,0.0667,0.447,0.4152,0.51,0.3412,0.0
17,Code,nsiac,0.75829,0.04375,0.3337,0.6414,0.76,0.76,0.6781,0.0948,0.0532,1.7675,7.8e-05,1640.69,0.0,12.70139217376709,False,0.0687,0.0157,0.6304,0.2851,0.4725,0.3337,0.0
18,Code,nsiac,0.68103,0.02375,0.3013,0.6136,0.78,0.78,0.6773,0.0895,0.0549,1.7991,8.5e-05,1640.69,0.0,12.879831314086914,False,0.0325,0.0109,0.8523,0.1043,0.4525,0.3013,0.0
19,Code,nsiac,0.8895,0.0225,0.34,0.642,0.78,0.78,0.6724,0.0969,0.0441,1.7129,9.1e-05,1640.69,0.0,12.786993980407715,False,0.042,0.0661,0.7636,0.1283,0.4512,0.34,0.0
20,Code,nsiac,0.86531,0.0225,0.3438,0.6501,0.78,0.78,0.696,0.0914,0.0479,1.6715,9.8e-05,1640.69,0.0,12.594615936279297,False,0.0518,0.0457,0.8639,0.0386,0.4512,0.3438,0.0
21,MedicalMC,nsiac,-0.01112,0.02562,0.2737,0.6962,0.96,0.96,0.1621,0.1298,0.421,2.3646,0.000105,1640.69,0.0,13.792947769165039,False,0.0373,0.037,0.8877,0.038,0.4562,0.35,0.2737
22,MedicalMC,nsiac,0.54262,-0.05313,0.2812,0.6443,0.92,0.92,0.5903,0.1072,0.2592,2.334,0.000113,1640.69,0.0,13.342185974121094,False,0.0645,0.0101,0.9137,0.0118,0.3825,0.2662,0.2812
23,MedicalMC,nsiac,0.77723,-0.04688,0.3162,0.7083,0.98,0.98,0.6588,0.0962,0.1879,2.2304,0.000119,1640.69,0.0,13.557124137878418,False,0.04,0.0105,0.9083,0.0412,0.3975,0.2637,0.3162
24,MedicalMC,nsiac,0.6403,-0.04312,0.2938,0.7196,0.98,0.98,0.6678,0.0965,0.1465,2.2901,0.000126,1640.69,0.0,13.170897483825684,False,0.0028,0.03,0.9215,0.0456,0.3875,0.2812,0.2938
25,MedicalMC,nsiac,0.82217,-0.03563,0.3013,0.7035,0.98,0.98,0.6815,0.1003,0.1098,2.2178,0.000132,1640.69,0.0,13.67048454284668,False,0.0217,0.1063,0.8681,0.0038,0.425,0.2587,0.3013
26,MedicalMC,nsiac,0.7441,-0.04875,0.2712,0.6381,0.94,0.94,0.7338,0.0917,0.1382,2.6194,0.000138,1640.69,0.0,13.64625072479248,False,0.0225,0.0211,0.9399,0.0165,0.3862,0.2712,0.2712
27,MedicalMC,nsiac,1.05978,-0.05063,0.3038,0.7171,1.0,1.0,0.7672,0.0943,0.0935,2.6153,0.000144,1640.69,0.0,13.720784187316895,False,0.0117,0.0027,0.9709,0.0147,0.385,0.2687,0.3038
28,MedicalMC,nsiac,1.27999,-0.01125,0.34,0.6646,0.9,0.9,0.7646,0.0932,0.0467,2.0572,0.000149,1640.69,0.0,13.591733932495117,False,0.0087,0.0029,0.9616,0.0268,0.43,0.3025,0.34
29,MedicalMC,nsiac,0.82227,-0.0375,0.28,0.7356,1.0,1.0,0.7838,0.0781,0.0906,2.423,0.000154,1640.69,0.0,13.514459609985352,False,0.0248,0.0391,0.8604,0.0757,0.405,0.275,0.28
30,MedicalMC,nsiac,1.38775,-0.03313,0.3237,0.7208,0.94,0.94,0.7951,0.0541,0.0239,2.2167,0.000159,1640.69,0.0,13.74510383605957,False,0.0352,0.0311,0.9076,0.0262,0.3837,0.305,0.3237
